relative_path,size_bytes
FILE_INVENTORY.csv.bak.20261002-204625,23146
MANIFEST.sha256.bak.20261002-204625,43582
README.md,5667
README.md.bak.20261002-204625,4241
SUBGRAPH_COUNTS.csv,551
VALIDATION_SUMMARY.json,2368
documentation/GITHUB_README.md,16398
documentation/RELEASE_PACKAGE_MANIFEST.sha256,5689
documentation/RELEASE_PACKAGE_README.md,2667
edges/csv/01_model_model_edges.csv,88987160
edges/csv/02_model_dataset_edges.csv,33753997
edges/csv/03_dataset_dataset_edges.csv,1399722
edges/csv/04_model_library_edges.csv,105305054
edges/csv/05_dataset_library_edges.csv,1750654
edges/csv/06_model_license_edges.csv,81111532
edges/csv/07_dataset_license_edges.csv,25462336
edges/csv/08_model_task_edges.csv,46507506
edges/csv/09_dataset_task_edges.csv,28805668
edges/csv/10_model_github_edges.csv,101717131
edges/csv/11_dataset_github_edges.csv,18959327
edges/csv/12_model_space_edges.csv,80623028
edges/csv/13_dataset_space_edges.csv,7197163
edges/csv/14_space_github_edges.csv,10470507
edges/csv/15_space_license_edges.csv,25603379
edges/csv/16_space_task_edges.csv,2836392
edges/csv/17_space_agent_edges.csv,2836568
edges/jsonl/01_model_model_edges.jsonl,125696490
edges/jsonl/02_model_dataset_edges.jsonl,47512033
edges/jsonl/03_dataset_dataset_edges.jsonl,1876256
edges/jsonl/04_model_library_edges.jsonl,155137698
edges/jsonl/05_dataset_library_edges.jsonl,2391462
edges/jsonl/06_model_license_edges.jsonl,122563618
edges/jsonl/07_dataset_license_edges.jsonl,38052358
edges/jsonl/08_model_task_edges.jsonl,68436408
edges/jsonl/09_dataset_task_edges.jsonl,40867300
edges/jsonl/10_model_github_edges.jsonl,138305597
edges/jsonl/11_dataset_github_edges.jsonl,26137047
edges/jsonl/12_model_space_edges.jsonl,116385586
edges/jsonl/13_dataset_space_edges.jsonl,10353457
edges/jsonl/14_space_github_edges.jsonl,14793173
edges/jsonl/15_space_license_edges.jsonl,41577377
edges/jsonl/16_space_task_edges.jsonl,4478842
edges/jsonl/17_space_agent_edges.jsonl,4244786
environment/SYSTEM_INFO.md,506
environment/SYSTEM_INFO.md.bak.20261002-204625,507
environment/requirements.txt,688
evidence/dataset_dataset_extended/ANALYSIS_RESULTS.md,4587
evidence/dataset_dataset_extended/README.md,3446
evidence/dataset_dataset_extended/README.md.bak.20261002-163636,2148
evidence/dataset_dataset_extended/README.md.bak.20261002-164256,2619
evidence/dataset_dataset_extended/README.md.bak.20261002-164822,2881
evidence/dataset_dataset_extended/__pycache__/extract_dataset_dataset_extended.cpython-310.pyc,25225
evidence/dataset_dataset_extended/dataset_dataset_extended.state.sqlite3,162177024
evidence/dataset_dataset_extended/dataset_dataset_extended.state.sqlite3-shm,32768
evidence/dataset_dataset_extended/dataset_dataset_extended.state.sqlite3-wal,0
evidence/dataset_dataset_extended/dataset_lineage_high_confidence.csv,23034105
evidence/dataset_dataset_extended/dataset_lineage_probable.csv,23034105
evidence/dataset_dataset_extended/dataset_relationships_extended.csv,113746547
evidence/dataset_dataset_extended/extract_dataset_dataset_extended.py,32313
evidence/dataset_dataset_extended/extract_dataset_dataset_extended.py.bak.20261002-163418,26022
evidence/dataset_dataset_extended/extract_dataset_dataset_extended.py.bak.20261002-163636,27249
evidence/dataset_dataset_extended/extract_dataset_dataset_extended.py.bak.20261002-164256,28459
evidence/dataset_dataset_extended/extract_dataset_dataset_extended.py.bak.20261002-164822,29159
evidence/dataset_dataset_extended/refined_v2/dataset_dataset_extended.state.sqlite3,146735104
evidence/dataset_dataset_extended/refined_v2/dataset_dataset_extended.state.sqlite3-shm,32768
evidence/dataset_dataset_extended/refined_v2/dataset_dataset_extended.state.sqlite3-wal,0
evidence/dataset_dataset_extended/refined_v2/dataset_lineage_high_confidence.csv,9075868
evidence/dataset_dataset_extended/refined_v2/dataset_lineage_probable.csv,9075868
evidence/dataset_dataset_extended/refined_v2/dataset_relationships_extended.csv,102986482
evidence/dataset_dataset_extended/refined_v2/summary.json,2149
evidence/dataset_dataset_extended/refined_v2/unresolved_dataset_references.csv,21084884
evidence/dataset_dataset_extended/refined_v2/validation_sample.csv,209826
evidence/dataset_dataset_extended/refined_v3/dataset_dataset_expanded_union_pairs.csv,1606151
evidence/dataset_dataset_extended/refined_v3/dataset_dataset_extended.state.sqlite3,144535552
evidence/dataset_dataset_extended/refined_v3/dataset_dataset_extended.state.sqlite3-shm,32768
evidence/dataset_dataset_extended/refined_v3/dataset_dataset_extended.state.sqlite3-wal,0
evidence/dataset_dataset_extended/refined_v3/dataset_lineage_high_confidence.csv,7552420
evidence/dataset_dataset_extended/refined_v3/dataset_lineage_high_confidence_edges.csv,930680
evidence/dataset_dataset_extended/refined_v3/dataset_lineage_probable.csv,7552420
evidence/dataset_dataset_extended/refined_v3/dataset_lineage_probable_edges.csv,930680
evidence/dataset_dataset_extended/refined_v3/dataset_relationships_extended.csv,101386071
evidence/dataset_dataset_extended/refined_v3/dataset_relationships_extended_edges.csv,16875480
evidence/dataset_dataset_extended/refined_v3/summary.json,2146
evidence/dataset_dataset_extended/refined_v3/unresolved_dataset_reference_edges.csv,3975777
evidence/dataset_dataset_extended/refined_v3/unresolved_dataset_references.csv,20857798
evidence/dataset_dataset_extended/refined_v3/validation_sample.csv,209765
evidence/dataset_dataset_extended/refined_v3/validation_sample_lineage.csv,443938
evidence/dataset_dataset_extended/summary.json,2155
evidence/dataset_dataset_extended/summary.json.bak.20261002-163504,2023
evidence/dataset_dataset_extended/unresolved_dataset_references.csv,21233816
evidence/dataset_dataset_extended/validation_sample.csv,209603
evidence/dataset_subgraphs_comprehensive/COMPREHENSIVE_RESULTS.md,7068
evidence/dataset_subgraphs_comprehensive/README.md,1679
evidence/dataset_subgraphs_comprehensive/__pycache__/audit_dataset_subgraphs.cpython-310.pyc,12926
evidence/dataset_subgraphs_comprehensive/__pycache__/build_complete_manifest.cpython-310.pyc,1703
evidence/dataset_subgraphs_comprehensive/__pycache__/build_latest_dataset_attributes.cpython-310.pyc,9372
evidence/dataset_subgraphs_comprehensive/__pycache__/compare_dataset_attribute_snapshots.cpython-310.pyc,2360
evidence/dataset_subgraphs_comprehensive/__pycache__/finalize_external_validation.cpython-310.pyc,11912
evidence/dataset_subgraphs_comprehensive/__pycache__/validate_dataset_dataset_structure.cpython-310.pyc,6011
evidence/dataset_subgraphs_comprehensive/__pycache__/validate_external_targets.cpython-310.pyc,12991
evidence/dataset_subgraphs_comprehensive/audit_dataset_subgraphs.py,15048
evidence/dataset_subgraphs_comprehensive/build_complete_manifest.py,1226
evidence/dataset_subgraphs_comprehensive/build_latest_dataset_attributes.py,10294
evidence/dataset_subgraphs_comprehensive/build_latest_dataset_attributes.py.bak.20261002-184103,10111
evidence/dataset_subgraphs_comprehensive/compare_dataset_attribute_snapshots.py,2374
evidence/dataset_subgraphs_comprehensive/external_validation.state.sqlite3,6053888
evidence/dataset_subgraphs_comprehensive/finalize_external_validation.py,13728
evidence/dataset_subgraphs_comprehensive/finalize_external_validation.py.bak.20261002-183236,11978
evidence/dataset_subgraphs_comprehensive/finalize_external_validation.py.bak.20261002-183442,13194
evidence/dataset_subgraphs_comprehensive/latest_dataset_attributes.state.sqlite3,172699648
evidence/dataset_subgraphs_comprehensive/results/dataset_attribute_snapshot_comparison.json,826
evidence/dataset_subgraphs_comprehensive/results/dataset_dataset_candidate_union.csv,1606151
evidence/dataset_subgraphs_comprehensive/results/dataset_dataset_candidate_union_post_validation.csv,1699588
evidence/dataset_subgraphs_comprehensive/results/dataset_dataset_cycle_components.csv,4876
evidence/dataset_subgraphs_comprehensive/results/dataset_dataset_externally_validated_additions.csv,34161
evidence/dataset_subgraphs_comprehensive/results/dataset_dataset_high_confidence_still_unavailable.csv,24285
evidence/dataset_subgraphs_comprehensive/results/dataset_dataset_legacy_unresolved_current_status.csv,103485
evidence/dataset_subgraphs_comprehensive/results/dataset_dataset_official_metadata.csv,410402
evidence/dataset_subgraphs_comprehensive/results/dataset_dataset_redirect_self_references.csv,390
evidence/dataset_subgraphs_comprehensive/results/dataset_dataset_refined_lineage.csv,930680
evidence/dataset_subgraphs_comprehensive/results/dataset_dataset_structural_validation.json,2670
evidence/dataset_subgraphs_comprehensive/results/dataset_dataset_validation_sample.csv,443938
evidence/dataset_subgraphs_comprehensive/results/dataset_github_archived_repository_edges.csv,371130
evidence/dataset_subgraphs_comprehensive/results/dataset_github_evidence_with_reachability.csv,45960080
evidence/dataset_subgraphs_comprehensive/results/dataset_github_reachable_canonical_edges.csv,24900332
evidence/dataset_subgraphs_comprehensive/results/dataset_github_reachable_edges.csv,26207622
evidence/dataset_subgraphs_comprehensive/results/dataset_github_readme_edges.csv,19148216
evidence/dataset_subgraphs_comprehensive/results/dataset_github_readme_evidence.csv,39520577
evidence/dataset_subgraphs_comprehensive/results/dataset_github_unavailable_edges.csv,673298
evidence/dataset_subgraphs_comprehensive/results/dataset_github_validation_sample.csv,69682
evidence/dataset_subgraphs_comprehensive/results/dataset_library_absent_since_august.csv,33981
evidence/dataset_subgraphs_comprehensive/results/dataset_library_added_since_august.csv,5651
evidence/dataset_subgraphs_comprehensive/results/dataset_library_declared_edges.csv,1790018
evidence/dataset_subgraphs_comprehensive/results/dataset_library_declared_evidence.csv,2392910
evidence/dataset_subgraphs_comprehensive/results/dataset_library_latest_readme_edges.csv,1750654
evidence/dataset_subgraphs_comprehensive/results/dataset_library_latest_readme_evidence.csv,2663255
evidence/dataset_subgraphs_comprehensive/results/dataset_library_latest_validation_sample.csv,42972
evidence/dataset_subgraphs_comprehensive/results/dataset_library_validation_sample.csv,42338
evidence/dataset_subgraphs_comprehensive/results/dataset_license_absent_since_august.csv,1085910
evidence/dataset_subgraphs_comprehensive/results/dataset_license_added_since_august.csv,127690
evidence/dataset_subgraphs_comprehensive/results/dataset_license_declared_edges.csv,26549737
evidence/dataset_subgraphs_comprehensive/results/dataset_license_declared_evidence.csv,37178470
evidence/dataset_subgraphs_comprehensive/results/dataset_license_latest_readme_edges.csv,25462336
evidence/dataset_subgraphs_comprehensive/results/dataset_license_latest_readme_evidence.csv,42054371
evidence/dataset_subgraphs_comprehensive/results/dataset_license_latest_validation_sample.csv,38281
evidence/dataset_subgraphs_comprehensive/results/dataset_license_validation_sample.csv,36754
evidence/dataset_subgraphs_comprehensive/results/dataset_task_absent_since_august.csv,1167686
evidence/dataset_subgraphs_comprehensive/results/dataset_task_added_since_august.csv,155681
evidence/dataset_subgraphs_comprehensive/results/dataset_task_declared_edges.csv,29937780
evidence/dataset_subgraphs_comprehensive/results/dataset_task_declared_evidence.csv,46435225
evidence/dataset_subgraphs_comprehensive/results/dataset_task_latest_readme_edges.csv,28805668
evidence/dataset_subgraphs_comprehensive/results/dataset_task_latest_readme_evidence.csv,50815801
evidence/dataset_subgraphs_comprehensive/results/dataset_task_latest_validation_sample.csv,43359
evidence/dataset_subgraphs_comprehensive/results/dataset_task_validation_sample.csv,42764
evidence/dataset_subgraphs_comprehensive/results/external_reconciliation_summary.json,1820
evidence/dataset_subgraphs_comprehensive/results/external_validation_summary.json,239
evidence/dataset_subgraphs_comprehensive/results/github_repository_validation.csv,3883710
evidence/dataset_subgraphs_comprehensive/results/huggingface_dataset_reference_validation.csv,180670
evidence/dataset_subgraphs_comprehensive/results/latest_dataset_attributes_summary.json,2651
evidence/dataset_subgraphs_comprehensive/results/manifest.csv,1858
evidence/dataset_subgraphs_comprehensive/results/manifest_complete.csv,5762
evidence/dataset_subgraphs_comprehensive/results/manifest_final.csv,3760
evidence/dataset_subgraphs_comprehensive/results/summary.json,6497
evidence/dataset_subgraphs_comprehensive/validate_dataset_dataset_structure.py,5120
evidence/dataset_subgraphs_comprehensive/validate_external_targets.py,13502
evidence/dataset_subgraphs_comprehensive/validate_external_targets.py.bak.20261002-182146,12192
evidence/dataset_subgraphs_comprehensive/validate_external_targets.py.bak.20261002-182313,12803
evidence/top_level/dataset_dataset_edges_max_coverage.csv,410402
evidence/top_level/dataset_dataset_edges_max_coverage.jsonl,603406
evidence/top_level/dataset_dataset_edges_unresolved.csv,78055
evidence/top_level/dataset_dataset_edges_unresolved.jsonl,115215
evidence/top_level/dataset_dataset_edges_validated.csv,332372
evidence/top_level/dataset_dataset_edges_validated.jsonl,488191
evidence/top_level/dataset_github_edges_full.csv,18959327
evidence/top_level/dataset_github_edges_full.jsonl,26137047
evidence/top_level/dataset_github_edges_full_detailed.csv,31538209
evidence/top_level/dataset_github_edges_full_detailed.jsonl,46838172
evidence/top_level/dataset_model_edges.csv,28255389
evidence/top_level/dataset_model_edges.jsonl,41651508
evidence/top_level/dataset_model_edges_validated.csv,20593926
evidence/top_level/dataset_model_edges_validated.jsonl,29959008
evidence/top_level/dataset_space_edges.csv,7279633
evidence/top_level/dataset_space_edges.jsonl,10352569
evidence/top_level/dataset_space_edges_detailed.csv,10186536
evidence/top_level/dataset_space_edges_detailed.jsonl,15584936
evidence/top_level/derived_models_without_identifiable_parent.jsonl,18510030
evidence/top_level/model_dataset_github_edges.csv,760646
evidence/top_level/model_dataset_github_edges.jsonl,1071199
evidence/top_level/model_dataset_github_edges_detailed.csv,1046495
evidence/top_level/model_dataset_github_edges_detailed.jsonl,1592060
evidence/top_level/model_dataset_library_edges.csv,108306292
evidence/top_level/model_dataset_library_edges.jsonl,157414998
evidence/top_level/model_dataset_library_edges_detailed.csv,137200180
evidence/top_level/model_dataset_library_edges_detailed.jsonl,223472230
evidence/top_level/model_dataset_license_edges.csv,108646145
evidence/top_level/model_dataset_license_edges.jsonl,161608438
evidence/top_level/model_dataset_license_edges_detailed.csv,133394242
evidence/top_level/model_dataset_license_edges_detailed.jsonl,226436107
evidence/top_level/model_dataset_task_edges.csv,76897516
evidence/top_level/model_dataset_task_edges.jsonl,110321182
evidence/top_level/model_dataset_task_edges_detailed.csv,101287523
evidence/top_level/model_dataset_task_edges_detailed.jsonl,160004773
evidence/top_level/model_github_edges.csv,648049
evidence/top_level/model_github_edges.jsonl,910391
evidence/top_level/model_github_edges_detailed.csv,889965
evidence/top_level/model_github_edges_detailed.jsonl,1350835
evidence/top_level/model_github_edges_full.csv,101717131
evidence/top_level/model_github_edges_full.jsonl,138305597
evidence/top_level/model_github_edges_full_detailed.csv,183732703
evidence/top_level/model_github_edges_full_detailed.jsonl,261447932
evidence/top_level/model_github_edges_readme.csv,2581574
evidence/top_level/model_github_edges_readme.jsonl,3690254
evidence/top_level/model_github_edges_readme_detailed.csv,4545901
evidence/top_level/model_github_edges_readme_detailed.jsonl,6495393
evidence/top_level/model_github_edges_v2.csv,3198726
evidence/top_level/model_github_edges_v2.jsonl,4556675
evidence/top_level/model_github_edges_v2_detailed.csv,5396236
evidence/top_level/model_github_edges_v2_detailed.jsonl,7783633
evidence/top_level/model_library_edges.csv,106516299
evidence/top_level/model_library_edges.jsonl,154989789
evidence/top_level/model_library_edges_detailed.csv,135047683
evidence/top_level/model_library_edges_detailed.jsonl,220203813
evidence/top_level/model_library_edges_merged_v2.csv,106616441
evidence/top_level/model_library_edges_merged_v2.jsonl,155137698
evidence/top_level/model_library_edges_merged_v2_detailed.csv,246257883
evidence/top_level/model_library_edges_merged_v2_detailed.jsonl,463947829
evidence/top_level/model_library_edges_readme_full.csv,104951615
evidence/top_level/model_library_edges_readme_full.jsonl,152697389
evidence/top_level/model_library_edges_readme_full_detailed.csv,192414464
evidence/top_level/model_library_edges_readme_full_detailed.jsonl,318876240
evidence/top_level/model_license_edges.csv,82096433
evidence/top_level/model_license_edges.jsonl,122409018
evidence/top_level/model_license_edges_detailed.csv,101002209
evidence/top_level/model_license_edges_detailed.jsonl,171821614
evidence/top_level/model_license_edges_merged_v2.csv,82202378
evidence/top_level/model_license_edges_merged_v2.jsonl,122563618
evidence/top_level/model_license_edges_merged_v2_detailed.csv,188500140
evidence/top_level/model_license_edges_merged_v2_detailed.jsonl,369580280
evidence/top_level/model_license_edges_readme_full.csv,80574204
evidence/top_level/model_license_edges_readme_full.jsonl,120121259
evidence/top_level/model_license_edges_readme_full_detailed.csv,148285965
evidence/top_level/model_license_edges_readme_full_detailed.jsonl,253032215
evidence/top_level/model_lineage_edges.csv,74618344
evidence/top_level/model_lineage_edges.jsonl,109541200
evidence/top_level/model_lineage_edges_inferred.csv,2663196
evidence/top_level/model_lineage_edges_inferred.jsonl,4104461
evidence/top_level/model_lineage_edges_merged.csv,100878040
evidence/top_level/model_lineage_edges_merged.dot,148213834
evidence/top_level/model_lineage_edges_merged.jsonl,163670294
evidence/top_level/model_space_edges.csv,81561269
evidence/top_level/model_space_edges.jsonl,116380966
evidence/top_level/model_space_edges_detailed.csv,112617100
evidence/top_level/model_space_edges_detailed.jsonl,173786849
evidence/top_level/model_task_edges.csv,46959761
evidence/top_level/model_task_edges.jsonl,68258046
evidence/top_level/model_task_edges_detailed.csv,59440341
evidence/top_level/model_task_edges_detailed.jsonl,96856246
evidence/top_level/model_task_edges_merged_v2.csv,47084584
evidence/top_level/model_task_edges_merged_v2.jsonl,68436408
evidence/top_level/model_task_edges_merged_v2_detailed.csv,108206062
evidence/top_level/model_task_edges_merged_v2_detailed.jsonl,204000714
evidence/top_level/model_task_edges_readme_full.csv,46107072
evidence/top_level/model_task_edges_readme_full.jsonl,67012824
evidence/top_level/model_task_edges_readme_full_detailed.csv,84347528
evidence/top_level/model_task_edges_readme_full_detailed.jsonl,139719516
evidence/top_level/model_tree_models.csv,30971181
evidence/top_level/space_agent_edges.csv,2873628
evidence/top_level/space_agent_edges.jsonl,4244786
evidence/top_level/space_agent_edges_detailed.csv,3651887
evidence/top_level/space_agent_edges_detailed.jsonl,6060677
evidence/top_level/space_github_edges.csv,28713
evidence/top_level/space_github_edges.jsonl,42230
evidence/top_level/space_github_edges_detailed.csv,40819
evidence/top_level/space_github_edges_detailed.jsonl,64564
evidence/top_level/space_github_edges_full.csv,10470508
evidence/top_level/space_github_edges_full.jsonl,14793173
evidence/top_level/space_github_edges_full_detailed.csv,18073398
evidence/top_level/space_github_edges_full_detailed.jsonl,27287088
evidence/top_level/space_license_edges.csv,26023749
evidence/top_level/space_license_edges.jsonl,41577377
evidence/top_level/space_license_edges_detailed.csv,33172034
evidence/top_level/space_license_edges_detailed.jsonl,60495974
evidence/top_level/space_task_edges.csv,2879616
evidence/top_level/space_task_edges.jsonl,4478842
evidence/top_level/space_task_edges_detailed.csv,3788246
evidence/top_level/space_task_edges_detailed.jsonl,6597696
extraction_state/all_dataset_readme_metadata_2026Aug28.jsonl.state.sqlite3,138620928
extraction_state/all_dataset_readme_metadata_2026Aug28.jsonl.state.sqlite3-shm,32768
extraction_state/all_dataset_readme_metadata_2026Aug28.jsonl.state.sqlite3-wal,0
extraction_state/all_space_card_metadata_2026Sep24.jsonl.state.sqlite3,112074752
extraction_state/all_space_readmes_full_2026Sep28.jsonl.state.sqlite3,154800128
extraction_state/all_space_relationship_metadata_2026Sep24.jsonl.state.sqlite3,112201728
extraction_state/dataset_github_edges_full.state.sqlite3,50614272
extraction_state/dataset_github_edges_full.state.sqlite3-shm,32768
extraction_state/dataset_github_edges_full.state.sqlite3-wal,0
extraction_state/model_github_edges_full.state.sqlite3,288030720
extraction_state/model_github_edges_full.state.sqlite3-shm,32768
extraction_state/model_github_edges_full.state.sqlite3-wal,0
extraction_state/model_readme_attribute_subgraphs_v2.state.sqlite3,716853248
extraction_state/model_readme_attribute_subgraphs_v2.state.sqlite3-shm,32768
extraction_state/model_readme_attribute_subgraphs_v2.state.sqlite3-wal,0
extraction_state/model_tree_source_readmes_2026Sep25.jsonl.state.sqlite3,1994752
extraction_state/space_github_edges_full.state.sqlite3,28626944
extraction_state/space_github_edges_full.state.sqlite3-shm,32768
extraction_state/space_github_edges_full.state.sqlite3-wal,0
graph/HuggingGraph_v3.dot,1020652753
logs/all_space_readmes_full_2026Sep28.log,7565753
logs/dataset_github_edges_full.log,222901
logs/model_github_edges_full.log,740772
logs/model_readme_attribute_subgraphs_v2.log,1565
logs/resume_space_after_dataset.log,94
logs/resume_space_after_dataset.runner.log,0
logs/space_github_edges_full.log,411509
raw/datasets/all_dataset_readme_metadata_2026Aug28.jsonl,1429065871
raw/datasets/all_dataset_readmes_full_2026Sep28.jsonl,3167034295
raw/models/all_huggingface_models_2026Aug28.csv,116372048
raw/models/all_model_readme_metadata_2026Aug28.jsonl,1321566927
raw/models/all_model_readmes_full_2026Sep25.jsonl,7880157557
raw/models/model_tree_source_readmes_2026Sep25.jsonl,134168835
raw/models/models_not_returned_by_api.csv,556610
raw/models/models_not_returned_by_api.jsonl,1885757
raw/models/models_with_metadata.jsonl,1080951147
raw/models/models_without_metadata.jsonl,238730023
raw/spaces/all_space_card_metadata_2026Sep24.jsonl,540339227
raw/spaces/all_space_readmes_full_2026Sep28.jsonl,1552999311
raw/spaces/all_space_relationship_metadata_2026Sep24.jsonl,344387717
source/acquisition/download_all_dataset_readmes.py,11908
source/acquisition/download_all_model_readmes.py,14126
source/acquisition/download_all_space_readmes.py,4632
source/acquisition/download_dataset_metadata.py,23875
source/acquisition/download_model_metadata.py,22618
source/acquisition/download_model_tree_source_readmes.py,9793
source/acquisition/download_space_card_metadata.py,8940
source/acquisition/download_space_metadata.py,11478
source/acquisition/resume_space_after_dataset.py,3514
source/audit_dataset_subgraphs.py,15048
source/baselines/dataset_dataset_edges.py,14580
source/build_hugginggraph_v3.py,6276
source/build_latest_dataset_attributes.py,10294
source/build_model_readme_attribute_subgraphs.py,15904
source/build_space_license_task_agent_subgraphs.py,7861
source/build_space_subgraphs.py,11041
source/count_model_types.py,10244
source/dataset_model_edges.py,14773
source/extract_dataset_dataset_extended.py,32313
source/extract_dataset_github_edges_streaming.py,10703
source/extract_model_github_edges_streaming.py,13998
source/extract_space_github_edges_streaming_full.py,9798
source/legacy_reference/build_hugginggraph_v2.py,8798
source/legacy_reference/build_model_readme_github_edges.py,5373
source/legacy_reference/build_space_github_subgraph.py,4285
source/legacy_reference/merge_model_github_edges_v2.py,2560
source/model_dataset_attribute_edges.py,19800
source/model_library_edges.py,14349
source/model_license_task_github_edges.py,23061
source/model_lineage_edges.py,28684
source/prepare_hugginggraph_v3_edges.py,8943
source/requirements.txt,688
